iter,group,variant,target,issued_target,parse_noise,disturbed,closed_loop,max_retry,attempts_used,set_ok_last,set_fault_last,set_rtt_ms_last,disturb_ok_last,disturb_fault_last,disturb_rtt_ms_last,probe_ok_last,probe_fault_last,probe_value_last,probe_rtt_ms_last,converged,rtt_total_ms
1,G1_text_proxy,guarded,1,0,1,1,0,1,1,1,,13.662,1,,3.530,1,,0,3.859,0,21.050
2,G1_text_proxy,guarded,0,1,1,0,0,1,1,1,,13.493,,,,1,,1,2.920,0,16.413
3,G1_text_proxy,guarded,1,1,0,0,0,1,1,1,,13.514,,,,1,,1,3.000,1,16.514
4,G1_text_proxy,guarded,0,1,1,1,0,1,1,1,,13.554,1,,4.012,1,,1,3.019,0,20.585
5,G1_text_proxy,guarded,1,1,0,0,0,1,1,1,,13.678,,,,1,,1,3.067,1,16.745
6,G1_text_proxy,guarded,0,0,0,0,0,1,1,1,,13.652,,,,1,,0,3.145,1,16.797
7,G1_text_proxy,guarded,1,1,0,1,0,1,1,1,,13.699,1,,3.207,1,,0,3.733,0,20.638
8,G1_text_proxy,guarded,0,1,1,0,0,1,1,1,,13.413,,,,1,,1,3.262,0,16.674
9,G1_text_proxy,guarded,1,0,1,0,0,1,1,1,,13.801,,,,1,,0,3.291,0,17.092
10,G1_text_proxy,guarded,0,0,0,0,0,1,1,1,,13.856,,,,1,,0,3.398,1,17.253
11,G1_text_proxy,guarded,1,1,0,0,0,1,1,1,,14.113,,,,1,,1,2.983,1,17.096
12,G1_text_proxy,guarded,0,0,0,0,0,1,1,1,,13.484,,,,1,,0,2.992,1,16.476
13,G1_text_proxy,guarded,1,1,0,1,0,1,1,1,,13.710,1,,3.203,1,,0,3.558,0,20.470
14,G1_text_proxy,guarded,0,0,0,1,0,1,1,1,,14.257,1,,3.816,1,,1,3.267,0,21.340
15,G1_text_proxy,guarded,1,1,0,0,0,1,1,1,,13.812,,,,1,,1,3.349,1,17.161
16,G1_text_proxy,guarded,0,0,0,1,0,1,1,1,,13.862,1,,3.910,1,,1,3.389,0,21.161
17,G1_text_proxy,guarded,1,1,0,1,0,1,1,1,,13.956,1,,3.489,1,,0,3.014,0,20.459
18,G1_text_proxy,guarded,0,1,1,1,0,1,1,1,,13.764,1,,3.187,1,,1,3.554,0,20.505
19,G1_text_proxy,guarded,1,1,0,0,0,1,1,1,,14.312,,,,1,,1,3.785,1,18.097
20,G1_text_proxy,guarded,0,1,1,0,0,1,1,1,,13.368,,,,1,,1,3.855,0,17.224
21,G1_text_proxy,guarded,1,1,0,1,0,1,1,1,,13.976,1,,3.451,1,,0,2.980,0,20.407
22,G1_text_proxy,guarded,0,0,0,0,0,1,1,1,,13.515,,,,1,,0,3.082,1,16.597
23,G1_text_proxy,guarded,1,1,0,0,0,1,1,1,,13.584,,,,1,,1,3.080,1,16.664
24,G1_text_proxy,guarded,0,0,0,1,0,1,1,1,,13.615,1,,3.144,1,,1,4.187,0,20.945
25,G1_text_proxy,guarded,1,1,0,1,0,1,1,1,,14.188,1,,3.060,1,,0,3.533,0,20.781
26,G1_text_proxy,guarded,0,0,0,0,0,1,1,1,,14.271,,,,1,,0,3.645,1,17.916
27,G1_text_proxy,guarded,1,1,0,0,0,1,1,1,,14.289,,,,1,,1,3.715,1,18.004
28,G1_text_proxy,guarded,0,0,0,1,0,1,1,1,,13.389,1,,3.889,1,,1,3.386,0,20.664
29,G1_text_proxy,guarded,1,1,0,0,0,1,1,1,,13.998,,,,1,,1,3.517,1,17.516
30,G1_text_proxy,guarded,0,0,0,0,0,1,1,1,,14.053,,,,1,,0,3.061,1,17.114
31,G1_text_proxy,guarded,1,1,0,0,0,1,1,1,,13.614,,,,1,,1,3.106,1,16.719
32,G1_text_proxy,guarded,0,0,0,0,0,1,1,1,,13.642,,,,1,,0,3.164,1,16.806
33,G1_text_proxy,guarded,1,1,0,0,0,1,1,1,,13.687,,,,1,,1,3.168,1,16.855
34,G1_text_proxy,guarded,0,0,0,1,0,1,1,1,,13.716,1,,3.196,1,,1,3.191,0,20.103
35,G1_text_proxy,guarded,1,0,1,0,0,1,1,1,,13.842,,,,1,,0,3.285,0,17.127
36,G1_text_proxy,guarded,0,0,0,0,0,1,1,1,,13.894,,,,1,,0,3.328,1,17.222
37,G1_text_proxy,guarded,1,1,0,0,0,1,1,1,,14.158,,,,1,,1,2.932,1,17.090
38,G1_text_proxy,guarded,0,0,0,1,0,1,1,1,,13.469,1,,3.966,1,,1,3.500,0,20.935
39,G1_text_proxy,guarded,1,1,0,0,0,1,1,1,,14.228,,,,1,,1,3.690,1,17.918
40,G1_text_proxy,guarded,0,0,0,0,0,1,1,1,,14.267,,,,1,,0,3.761,1,18.028
41,G1_text_proxy,guarded,1,1,0,1,0,1,1,1,,13.819,1,,3.330,1,,0,3.846,0,20.994
42,G1_text_proxy,guarded,0,0,0,0,0,1,1,1,,13.406,,,,1,,0,2.879,1,16.284
43,G1_text_proxy,guarded,1,1,0,0,0,1,1,1,,13.459,,,,1,,1,2.919,1,16.378
44,G1_text_proxy,guarded,0,0,0,0,0,1,1,1,,13.486,,,,1,,0,2.982,1,16.469
45,G1_text_proxy,guarded,1,1,0,0,0,1,1,1,,13.569,,,,1,,1,2.986,1,16.555
46,G1_text_proxy,guarded,0,0,0,0,0,1,1,1,,14.137,,,,1,,0,3.618,1,17.755
47,G1_text_proxy,guarded,1,1,0,1,0,1,1,1,,14.171,1,,3.674,1,,0,3.178,0,21.023
48,G1_text_proxy,guarded,0,0,0,1,0,1,1,1,,13.812,1,,3.282,1,,1,3.824,0,20.918
49,G1_text_proxy,guarded,1,1,0,0,0,1,1,1,,13.590,,,,1,,1,3.881,1,17.471
50,G1_text_proxy,guarded,0,0,0,0,0,1,1,1,,13.612,,,,1,,0,2.948,1,16.560
51,G1_text_proxy,guarded,1,1,0,0,0,1,1,1,,14.002,,,,1,,1,3.480,1,17.482
52,G1_text_proxy,guarded,0,0,0,0,0,1,1,1,,14.240,,,,1,,0,3.531,1,17.771
53,G1_text_proxy,guarded,1,1,0,1,0,1,1,1,,14.620,1,,3.150,1,,0,3.628,0,21.397
54,G1_text_proxy,guarded,0,1,1,0,0,1,1,1,,14.206,,,,1,,1,3.691,0,17.898
55,G1_text_proxy,guarded,1,1,0,0,0,1,1,1,,13.444,,,,1,,1,3.729,1,17.172
56,G1_text_proxy,guarded,0,0,0,0,0,1,1,1,,13.473,,,,1,,0,2.774,1,16.246
57,G1_text_proxy,guarded,1,1,0,0,0,1,1,1,,13.528,,,,1,,1,3.014,1,16.542
58,G1_text_proxy,guarded,0,0,0,0,0,1,1,1,,14.080,,,,1,,0,3.414,1,17.495
59,G1_text_proxy,guarded,1,1,0,0,0,1,1,1,,14.175,,,,1,,1,3.689,1,17.864
60,G1_text_proxy,guarded,0,0,0,0,0,1,1,1,,14.767,,,,1,,0,3.059,1,17.826
61,G1_text_proxy,guarded,1,1,0,0,0,1,1,1,,13.786,,,,1,,1,3.299,1,17.085
62,G1_text_proxy,guarded,0,0,0,0,0,1,1,1,,13.854,,,,1,,0,3.343,1,17.197
63,G1_text_proxy,guarded,1,1,0,0,0,1,1,1,,13.931,,,,1,,1,3.871,1,17.802
64,G1_text_proxy,guarded,0,0,0,0,0,1,1,1,,13.507,,,,1,,0,4.002,1,17.509
65,G1_text_proxy,guarded,1,1,0,0,0,1,1,1,,13.563,,,,1,,1,3.015,1,16.578
66,G1_text_proxy,guarded,0,0,0,1,0,1,1,1,,13.596,1,,3.035,1,,1,3.584,0,20.214
67,G1_text_proxy,guarded,1,0,1,0,0,1,1,1,,14.164,,,,1,,0,3.701,0,17.865
68,G1_text_proxy,guarded,0,0,0,0,0,1,1,1,,14.244,,,,1,,0,3.719,1,17.964
69,G1_text_proxy,guarded,1,0,1,0,0,1,1,1,,13.863,,,,1,,0,3.281,0,17.144
70,G1_text_proxy,guarded,0,0,0,0,0,1,1,1,,13.896,,,,1,,0,3.860,1,17.756
71,G1_text_proxy,guarded,1,1,0,0,0,1,1,1,,13.474,,,,1,,1,2.918,1,16.392
72,G1_text_proxy,guarded,0,0,0,1,0,1,1,1,,13.504,1,,4.085,1,,1,3.523,0,21.111
73,G1_text_proxy,guarded,1,1,0,1,0,1,1,1,,14.175,1,,3.766,1,,0,3.068,0,21.010
74,G1_text_proxy,guarded,0,0,0,0,0,1,1,1,,13.856,,,,1,,0,3.318,1,17.175
75,G1_text_proxy,guarded,1,1,0,1,0,1,1,1,,13.948,1,,3.351,1,,0,3.876,0,21.175
76,G1_text_proxy,guarded,0,0,0,0,0,1,1,1,,13.488,,,,1,,0,2.936,1,16.424
77,G1_text_proxy,guarded,1,1,0,0,0,1,1,1,,14.064,,,,1,,1,3.472,1,17.536
78,G1_text_proxy,guarded,0,0,0,0,0,1,1,1,,14.104,,,,1,,0,3.033,1,17.137
79,G1_text_proxy,guarded,1,1,0,1,0,1,1,1,,13.636,1,,3.079,1,,0,3.651,0,20.366
80,G1_text_proxy,guarded,0,0,0,1,0,1,1,1,,14.224,1,,3.716,1,,1,3.210,0,21.150
81,G1_text_proxy,guarded,1,1,0,1,0,1,1,1,,13.791,1,,3.293,1,,0,3.803,0,20.887
82,G1_text_proxy,guarded,0,1,1,0,0,1,1,1,,13.408,,,,1,,1,2.865,0,16.273
83,G1_text_proxy,guarded,1,0,1,0,0,1,1,1,,13.464,,,,1,,0,2.928,0,16.392
84,G1_text_proxy,guarded,0,0,0,0,0,1,1,1,,13.517,,,,1,,0,3.044,1,16.561
85,G1_text_proxy,guarded,1,1,0,0,0,1,1,1,,14.100,,,,1,,1,3.634,1,17.734
86,G1_text_proxy,guarded,0,0,0,0,0,1,1,1,,14.108,,,,1,,0,3.646,1,17.754
87,G1_text_proxy,guarded,1,1,0,1,0,1,1,1,,14.381,1,,3.893,1,,0,3.385,0,21.660
88,G1_text_proxy,guarded,0,0,0,0,0,1,1,1,,13.951,,,,1,,0,3.768,1,17.719
89,G1_text_proxy,guarded,1,1,0,0,0,1,1,1,,13.489,,,,1,,1,2.840,1,16.329
90,G1_text_proxy,guarded,0,0,0,0,0,1,1,1,,13.569,,,,1,,0,3.026,1,16.595
91,G1_text_proxy,guarded,1,1,0,1,0,1,1,1,,13.619,1,,4.096,1,,0,3.660,0,21.375
92,G1_text_proxy,guarded,0,0,0,1,0,1,1,1,,14.172,1,,3.704,1,,1,3.199,0,21.075
93,G1_text_proxy,guarded,1,1,0,0,0,1,1,1,,13.806,,,,1,,1,3.770,1,17.577
94,G1_text_proxy,guarded,0,0,0,1,0,1,1,1,,13.355,1,,3.847,1,,1,3.346,0,20.548
95,G1_text_proxy,guarded,1,1,0,1,0,1,1,1,,13.989,1,,3.432,1,,0,3.005,0,20.426
96,G1_text_proxy,guarded,0,0,0,1,0,1,1,1,,13.511,1,,3.088,1,,1,3.597,0,20.196
97,G1_text_proxy,guarded,1,1,0,1,0,1,1,1,,14.229,1,,3.768,1,,0,3.169,0,21.167
98,G1_text_proxy,guarded,0,0,0,0,0,1,1,1,,13.839,,,,1,,0,3.303,1,17.142
99,G1_text_proxy,guarded,1,1,0,1,0,1,1,1,,13.903,1,,3.902,1,,0,3.398,0,21.202
100,G1_text_proxy,guarded,0,0,0,1,0,1,1,1,,13.997,1,,3.451,1,,1,2.988,0,20.437
1,G2_m_no_o,guarded,1,1,0,1,0,1,1,1,,13.516,1,,4.042,1,,0,3.560,0,21.118
2,G2_m_no_o,guarded,0,0,0,0,0,1,1,1,,14.168,,,,1,,0,3.652,1,17.820
3,G2_m_no_o,guarded,1,1,0,0,0,1,1,1,,14.233,,,,1,,1,3.718,1,17.952
4,G2_m_no_o,guarded,0,0,0,1,0,1,1,1,,13.280,1,,3.945,1,,1,3.295,0,20.521
5,G2_m_no_o,guarded,1,1,0,0,0,1,1,1,,14.109,,,,1,,1,3.850,1,17.959
6,G2_m_no_o,guarded,0,0,0,0,0,1,1,1,,13.614,,,,1,,0,2.917,1,16.531
7,G2_m_no_o,guarded,1,1,0,1,0,1,1,1,,13.628,1,,3.142,1,,0,3.688,0,20.458
8,G2_m_no_o,guarded,0,0,0,0,0,1,1,1,,14.186,,,,1,,0,3.703,1,17.889
9,G2_m_no_o,guarded,1,1,0,0,0,1,1,1,,14.245,,,,1,,1,3.716,1,17.961
10,G2_m_no_o,guarded,0,0,0,0,0,1,1,1,,13.271,,,,1,,0,3.747,1,17.019
11,G2_m_no_o,guarded,1,1,0,0,0,1,1,1,,13.807,,,,1,,1,3.284,1,17.091
12,G2_m_no_o,guarded,0,0,0,0,0,1,1,1,,13.874,,,,1,,0,3.848,1,17.722
13,G2_m_no_o,guarded,1,1,0,1,0,1,1,1,,13.484,1,,3.872,1,,0,3.437,0,20.792
14,G2_m_no_o,guarded,0,0,0,1,0,1,1,1,,14.184,1,,3.663,1,,1,3.199,0,21.046
15,G2_m_no_o,guarded,1,1,0,0,0,1,1,1,,13.737,,,,1,,1,3.229,1,16.967
16,G2_m_no_o,guarded,0,0,0,1,0,1,1,1,,13.785,1,,3.308,1,,1,3.853,0,20.946
17,G2_m_no_o,guarded,1,1,0,1,0,1,1,1,,13.315,1,,3.884,1,,0,3.365,0,20.564
18,G2_m_no_o,guarded,0,0,0,1,0,1,1,1,,14.104,1,,3.939,1,,1,3.439,0,21.482
19,G2_m_no_o,guarded,1,1,0,0,0,1,1,1,,14.191,,,,1,,1,3.536,1,17.727
20,G2_m_no_o,guarded,0,0,0,0,0,1,1,1,,14.226,,,,1,,0,3.743,1,17.969
21,G2_m_no_o,guarded,1,1,0,1,0,1,1,1,,13.317,1,,3.806,1,,0,3.358,0,20.482
22,G2_m_no_o,guarded,0,0,0,0,0,1,1,1,,13.887,,,,1,,0,3.393,1,17.281
23,G2_m_no_o,guarded,1,1,0,0,0,1,1,1,,14.499,,,,1,,1,2.954,1,17.453
24,G2_m_no_o,guarded,0,0,0,1,0,1,1,1,,13.536,1,,4.088,1,,1,3.541,0,21.165
25,G2_m_no_o,guarded,1,1,0,1,0,1,1,1,,14.264,1,,3.749,1,,0,3.246,0,21.259
26,G2_m_no_o,guarded,0,0,0,0,0,1,1,1,,13.799,,,,1,,0,3.254,1,17.053
27,G2_m_no_o,guarded,1,1,0,0,0,1,1,1,,13.887,,,,1,,1,3.847,1,17.734
28,G2_m_no_o,guarded,0,0,0,1,0,1,1,1,,13.384,1,,3.884,1,,1,3.413,0,20.681
29,G2_m_no_o,guarded,1,1,0,0,0,1,1,1,,14.007,,,,1,,1,3.475,1,17.481
30,G2_m_no_o,guarded,0,0,0,0,0,1,1,1,,14.028,,,,1,,0,3.587,1,17.615
31,G2_m_no_o,guarded,1,1,0,0,0,1,1,1,,14.274,,,,1,,1,3.602,1,17.876
32,G2_m_no_o,guarded,0,0,0,0,0,1,1,1,,14.328,,,,1,,0,3.832,1,18.160
33,G2_m_no_o,guarded,1,1,0,0,0,1,1,1,,13.952,,,,1,,1,3.286,1,17.238
34,G2_m_no_o,guarded,0,0,0,1,0,1,1,1,,14.013,1,,3.960,1,,1,3.497,0,21.470
35,G2_m_no_o,guarded,1,1,0,0,0,1,1,1,,14.055,,,,1,,1,3.519,1,17.575
36,G2_m_no_o,guarded,0,0,0,0,0,1,1,1,,14.072,,,,1,,0,3.546,1,17.619
37,G2_m_no_o,guarded,1,1,0,0,0,1,1,1,,14.176,,,,1,,1,3.609,1,17.784
38,G2_m_no_o,guarded,0,0,0,1,0,1,1,1,,14.350,1,,3.851,1,,1,3.531,0,21.733
39,G2_m_no_o,guarded,1,1,0,0,0,1,1,1,,14.280,,,,1,,1,3.737,1,18.017
40,G2_m_no_o,guarded,0,0,0,0,0,1,1,1,,13.343,,,,1,,0,3.887,1,17.229
41,G2_m_no_o,guarded,1,1,0,1,0,1,1,1,,13.418,1,,3.923,1,,0,2.887,0,20.228
42,G2_m_no_o,guarded,0,0,0,0,0,1,1,1,,13.519,,,,1,,0,2.923,1,16.442
43,G2_m_no_o,guarded,1,1,0,0,0,1,1,1,,13.497,,,,1,,1,3.008,1,16.505
44,G2_m_no_o,guarded,0,0,0,0,0,1,1,1,,13.573,,,,1,,0,3.028,1,16.601
45,G2_m_no_o,guarded,1,1,0,0,0,1,1,1,,13.805,,,,1,,1,3.553,1,17.358
46,G2_m_no_o,guarded,0,0,0,0,0,1,1,1,,14.134,,,,1,,0,3.631,1,17.765
47,G2_m_no_o,guarded,1,1,0,1,0,1,1,1,,14.349,1,,3.846,1,,0,3.350,0,21.544
48,G2_m_no_o,guarded,0,0,0,1,0,1,1,1,,13.938,1,,3.463,1,,1,2.929,0,20.329
49,G2_m_no_o,guarded,1,1,0,0,0,1,1,1,,13.523,,,,1,,1,3.015,1,16.538
50,G2_m_no_o,guarded,0,0,0,0,0,1,1,1,,13.545,,,,1,,0,3.518,1,17.063
51,G2_m_no_o,guarded,1,1,0,0,0,1,1,1,,14.072,,,,1,,1,3.562,1,17.634
52,G2_m_no_o,guarded,0,0,0,0,0,1,1,1,,14.242,,,,1,,0,3.589,1,17.831
53,G2_m_no_o,guarded,1,1,0,1,0,1,1,1,,14.354,1,,3.877,1,,0,3.715,0,21.945
54,G2_m_no_o,guarded,0,0,0,0,0,1,1,1,,13.466,,,,1,,0,3.762,1,17.228
55,G2_m_no_o,guarded,1,1,0,0,0,1,1,1,,13.505,,,,1,,1,2.789,1,16.294
56,G2_m_no_o,guarded,0,0,0,0,0,1,1,1,,13.561,,,,1,,0,3.038,1,16.598
57,G2_m_no_o,guarded,1,1,0,0,0,1,1,1,,14.076,,,,1,,1,3.526,1,17.602
58,G2_m_no_o,guarded,0,0,0,0,0,1,1,1,,14.098,,,,1,,0,3.610,1,17.708
59,G2_m_no_o,guarded,1,1,0,0,0,1,1,1,,14.128,,,,1,,1,3.679,1,17.807
60,G2_m_no_o,guarded,0,0,0,0,0,1,1,1,,14.755,,,,1,,0,3.216,1,17.972
61,G2_m_no_o,guarded,1,1,0,0,0,1,1,1,,13.776,,,,1,,1,3.276,1,17.052
62,G2_m_no_o,guarded,0,0,0,0,0,1,1,1,,13.842,,,,1,,0,3.852,1,17.694
63,G2_m_no_o,guarded,1,1,0,0,0,1,1,1,,13.404,,,,1,,1,3.901,1,17.304
64,G2_m_no_o,guarded,0,0,0,0,0,1,1,1,,13.680,,,,1,,0,2.908,1,16.589
65,G2_m_no_o,guarded,1,1,0,0,0,1,1,1,,13.709,,,,1,,1,3.450,1,17.159
66,G2_m_no_o,guarded,0,0,0,1,0,1,1,1,,14.257,1,,4.049,1,,1,3.557,0,21.864
67,G2_m_no_o,guarded,1,1,0,0,0,1,1,1,,13.604,,,,1,,1,3.103,1,16.706
68,G2_m_no_o,guarded,0,0,0,0,0,1,1,1,,13.852,,,,1,,0,3.597,1,17.448
69,G2_m_no_o,guarded,1,1,0,0,0,1,1,1,,14.203,,,,1,,1,3.160,1,17.362
70,G2_m_no_o,guarded,0,0,0,0,0,1,1,1,,13.758,,,,1,,0,3.189,1,16.947
71,G2_m_no_o,guarded,1,1,0,0,0,1,1,1,,13.849,,,,1,,1,3.254,1,17.103
72,G2_m_no_o,guarded,0,0,0,1,0,1,1,1,,14.054,1,,4.040,1,,1,3.511,0,21.605
73,G2_m_no_o,guarded,1,1,0,1,0,1,1,1,,14.096,1,,3.575,1,,0,3.624,0,21.294
74,G2_m_no_o,guarded,0,0,0,0,0,1,1,1,,14.171,,,,1,,0,3.652,1,17.823
75,G2_m_no_o,guarded,1,1,0,1,0,1,1,1,,14.281,1,,3.753,1,,0,3.268,0,21.302
76,G2_m_no_o,guarded,0,0,0,0,0,1,1,1,,13.832,,,,1,,0,3.324,1,17.157
77,G2_m_no_o,guarded,1,1,0,0,0,1,1,1,,13.836,,,,1,,1,3.385,1,17.221
78,G2_m_no_o,guarded,0,0,0,0,0,1,1,1,,14.102,,,,1,,0,3.579,1,17.681
79,G2_m_no_o,guarded,1,1,0,1,0,1,1,1,,13.449,1,,3.933,1,,0,3.425,0,20.806
80,G2_m_no_o,guarded,0,0,0,1,0,1,1,1,,14.157,1,,3.638,1,,1,3.181,0,20.977
81,G2_m_no_o,guarded,1,1,0,1,0,1,1,1,,13.749,1,,3.722,1,,0,3.223,0,20.694
82,G2_m_no_o,guarded,0,0,0,0,0,1,1,1,,13.810,,,,1,,0,3.309,1,17.118
83,G2_m_no_o,guarded,1,1,0,0,0,1,1,1,,13.874,,,,1,,1,3.372,1,17.246
84,G2_m_no_o,guarded,0,0,0,0,0,1,1,1,,13.916,,,,1,,0,3.419,1,17.335
85,G2_m_no_o,guarded,1,1,0,0,0,1,1,1,,14.171,,,,1,,1,3.516,1,17.687
86,G2_m_no_o,guarded,0,0,0,0,0,1,1,1,,14.235,,,,1,,0,3.737,1,17.972
87,G2_m_no_o,guarded,1,1,0,1,0,1,1,1,,14.134,1,,3.582,1,,0,3.106,0,20.823
88,G2_m_no_o,guarded,0,0,0,0,0,1,1,1,,13.830,,,,1,,0,3.157,1,16.987
89,G2_m_no_o,guarded,1,1,0,0,0,1,1,1,,13.885,,,,1,,1,3.288,1,17.173
90,G2_m_no_o,guarded,0,0,0,0,0,1,1,1,,13.426,,,,1,,0,3.913,1,17.338
91,G2_m_no_o,guarded,1,1,0,1,0,1,1,1,,13.457,1,,3.959,1,,0,3.461,0,20.877
92,G2_m_no_o,guarded,0,0,0,1,0,1,1,1,,14.212,1,,3.722,1,,1,3.239,0,21.172
93,G2_m_no_o,guarded,1,1,0,0,0,1,1,1,,13.789,,,,1,,1,3.270,1,17.059
94,G2_m_no_o,guarded,0,0,0,1,0,1,1,1,,13.817,1,,3.317,1,,1,3.865,0,20.998
95,G2_m_no_o,guarded,1,1,0,1,0,1,1,1,,13.417,1,,3.925,1,,0,3.435,0,20.776
96,G2_m_no_o,guarded,0,0,0,1,0,1,1,1,,14.191,1,,3.712,1,,1,3.205,0,21.108
97,G2_m_no_o,guarded,1,1,0,1,0,1,1,1,,13.763,1,,3.265,1,,0,3.121,0,20.150
98,G2_m_no_o,guarded,0,0,0,0,0,1,1,1,,13.804,,,,1,,0,3.140,1,16.943
99,G2_m_no_o,guarded,1,1,0,1,0,1,1,1,,13.856,1,,3.335,1,,0,3.907,0,21.098
100,G2_m_no_o,guarded,0,0,0,1,0,1,1,1,,13.419,1,,3.414,1,,1,3.929,0,20.763
1,G4_m_with_o_no_retry,guarded,1,1,0,1,1,1,1,1,,13.469,1,,3.993,1,,0,3.488,0,20.950
2,G4_m_with_o_no_retry,guarded,0,0,0,0,1,1,1,1,,14.095,,,,1,,0,3.543,1,17.638
3,G4_m_with_o_no_retry,guarded,1,1,0,0,1,1,1,1,,14.290,,,,1,,1,3.599,1,17.890
4,G4_m_with_o_no_retry,guarded,0,0,0,1,1,1,1,1,,13.661,1,,3.097,1,,1,3.660,0,20.418
5,G4_m_with_o_no_retry,guarded,1,1,0,0,1,1,1,1,,14.228,,,,1,,1,3.702,1,17.930
6,G4_m_with_o_no_retry,guarded,0,0,0,0,1,1,1,1,,13.439,,,,1,,0,3.696,1,17.135
7,G4_m_with_o_no_retry,guarded,1,1,0,1,1,1,1,1,,13.482,1,,3.285,1,,0,3.820,0,20.586
8,G4_m_with_o_no_retry,guarded,0,0,0,0,1,1,1,1,,13.382,,,,1,,0,2.879,1,16.262
9,G4_m_with_o_no_retry,guarded,1,1,0,0,1,1,1,1,,13.636,,,,1,,1,2.929,1,16.564
10,G4_m_with_o_no_retry,guarded,0,0,0,0,1,1,1,1,,13.672,,,,1,,0,3.481,1,17.153
11,G4_m_with_o_no_retry,guarded,1,1,0,0,1,1,1,1,,14.091,,,,1,,1,3.576,1,17.668
12,G4_m_with_o_no_retry,guarded,0,0,0,0,1,1,1,1,,14.179,,,,1,,0,3.650,1,17.829
13,G4_m_with_o_no_retry,guarded,1,1,0,1,1,1,1,1,,14.361,1,,3.856,1,,0,3.356,0,21.573
14,G4_m_with_o_no_retry,guarded,0,0,0,1,1,1,1,1,,13.929,1,,3.410,1,,1,2.904,0,20.242
15,G4_m_with_o_no_retry,guarded,1,1,0,0,1,1,1,1,,13.993,,,,1,,1,3.474,1,17.468
16,G4_m_with_o_no_retry,guarded,0,0,0,1,1,1,1,1,,14.065,1,,3.539,1,,1,3.039,0,20.643
17,G4_m_with_o_no_retry,guarded,1,1,0,1,1,1,1,1,,13.613,1,,3.075,1,,0,3.578,0,20.266
18,G4_m_with_o_no_retry,guarded,0,0,0,1,1,1,1,1,,14.378,1,,3.827,1,,1,3.329,0,21.534
19,G4_m_with_o_no_retry,guarded,1,1,0,0,1,1,1,1,,13.944,,,,1,,1,3.410,1,17.354
20,G4_m_with_o_no_retry,guarded,0,0,0,0,1,1,1,1,,14.007,,,,1,,0,3.492,1,17.500
21,G4_m_with_o_no_retry,guarded,1,1,0,1,1,1,1,1,,14.106,1,,3.576,1,,0,3.587,0,21.270
22,G4_m_with_o_no_retry,guarded,0,0,0,0,1,1,1,1,,14.147,,,,1,,0,3.641,1,17.788
23,G4_m_with_o_no_retry,guarded,1,1,0,0,1,1,1,1,,14.196,,,,1,,1,3.697,1,17.893
24,G4_m_with_o_no_retry,guarded,0,0,0,1,1,1,1,1,,14.405,1,,4.225,1,,1,3.744,0,22.374
25,G4_m_with_o_no_retry,guarded,1,1,0,1,1,1,1,1,,13.343,1,,3.782,1,,0,3.336,0,20.462
26,G4_m_with_o_no_retry,guarded,0,0,0,0,1,1,1,1,,14.057,,,,1,,0,3.535,1,17.592
27,G4_m_with_o_no_retry,guarded,1,1,0,0,1,1,1,1,,14.166,,,,1,,1,3.590,1,17.755
28,G4_m_with_o_no_retry,guarded,0,0,0,1,1,1,1,1,,14.227,1,,3.662,1,,1,3.703,0,21.593
29,G4_m_with_o_no_retry,guarded,1,1,0,0,1,1,1,1,,14.294,,,,1,,1,3.760,1,18.055
30,G4_m_with_o_no_retry,guarded,0,0,0,0,1,1,1,1,,13.372,,,,1,,0,3.848,1,17.220
31,G4_m_with_o_no_retry,guarded,1,1,0,0,1,1,1,1,,13.384,,,,1,,1,2.854,1,16.238
32,G4_m_with_o_no_retry,guarded,0,0,0,0,1,1,1,1,,13.955,,,,1,,0,3.418,1,17.373
33,G4_m_with_o_no_retry,guarded,1,1,0,0,1,1,1,1,,14.036,,,,1,,1,3.509,1,17.546
34,G4_m_with_o_no_retry,guarded,0,0,0,1,1,1,1,1,,14.060,1,,3.543,1,,1,3.051,0,20.654
35,G4_m_with_o_no_retry,guarded,1,1,0,0,1,1,1,1,,14.165,,,,1,,1,3.606,1,17.771
36,G4_m_with_o_no_retry,guarded,0,0,0,0,1,1,1,1,,14.189,,,,1,,0,3.722,1,17.912
37,G4_m_with_o_no_retry,guarded,1,1,0,0,1,1,1,1,,13.249,,,,1,,1,3.712,1,16.960
38,G4_m_with_o_no_retry,guarded,0,0,0,1,1,1,1,1,,13.758,1,,3.290,1,,1,3.806,0,20.854
39,G4_m_with_o_no_retry,guarded,1,1,0,0,1,1,1,1,,13.448,,,,1,,1,2.834,1,16.283
40,G4_m_with_o_no_retry,guarded,0,0,0,0,1,1,1,1,,13.592,,,,1,,0,2.875,1,16.468
41,G4_m_with_o_no_retry,guarded,1,1,0,1,1,1,1,1,,13.663,1,,4.156,1,,0,3.653,0,21.472
42,G4_m_with_o_no_retry,guarded,0,0,0,0,1,1,1,1,,14.365,,,,1,,0,3.762,1,18.126
43,G4_m_with_o_no_retry,guarded,1,1,0,0,1,1,1,1,,13.359,,,,1,,1,3.804,1,17.163
44,G4_m_with_o_no_retry,guarded,0,0,0,0,1,1,1,1,,13.354,,,,1,,0,3.338,1,16.692
45,G4_m_with_o_no_retry,guarded,1,1,0,0,1,1,1,1,,13.917,,,,1,,1,3.424,1,17.341
46,G4_m_with_o_no_retry,guarded,0,0,0,0,1,1,1,1,,14.035,,,,1,,0,3.485,1,17.521
47,G4_m_with_o_no_retry,guarded,1,1,0,1,1,1,1,1,,14.073,1,,3.573,1,,0,3.037,0,20.683
48,G4_m_with_o_no_retry,guarded,0,0,0,1,1,1,1,1,,13.641,1,,3.101,1,,1,3.647,0,20.389
49,G4_m_with_o_no_retry,guarded,1,1,0,0,1,1,1,1,,14.225,,,,1,,1,3.209,1,17.434
50,G4_m_with_o_no_retry,guarded,0,0,0,0,1,1,1,1,,13.823,,,,1,,0,3.280,1,17.103
51,G4_m_with_o_no_retry,guarded,1,1,0,0,1,1,1,1,,13.914,,,,1,,1,3.347,1,17.262
52,G4_m_with_o_no_retry,guarded,0,0,0,0,1,1,1,1,,14.137,,,,1,,0,3.410,1,17.547
53,G4_m_with_o_no_retry,guarded,1,1,0,1,1,1,1,1,,13.480,1,,4.110,1,,0,3.521,0,21.111
54,G4_m_with_o_no_retry,guarded,0,0,0,0,1,1,1,1,,14.238,,,,1,,0,3.621,1,17.859
55,G4_m_with_o_no_retry,guarded,1,1,0,0,1,1,1,1,,14.301,,,,1,,1,3.839,1,18.140
56,G4_m_with_o_no_retry,guarded,0,0,0,0,1,1,1,1,,13.349,,,,1,,0,3.341,1,16.690
57,G4_m_with_o_no_retry,guarded,1,1,0,0,1,1,1,1,,13.886,,,,1,,1,3.419,1,17.305
58,G4_m_with_o_no_retry,guarded,0,0,0,0,1,1,1,1,,13.977,,,,1,,0,3.501,1,17.478
59,G4_m_with_o_no_retry,guarded,1,1,0,0,1,1,1,1,,14.074,,,,1,,1,3.559,1,17.633
60,G4_m_with_o_no_retry,guarded,0,0,0,0,1,1,1,1,,13.625,,,,1,,0,3.098,1,16.723
61,G4_m_with_o_no_retry,guarded,1,1,0,0,1,1,1,1,,13.679,,,,1,,1,3.145,1,16.824
62,G4_m_with_o_no_retry,guarded,0,0,0,0,1,1,1,1,,14.220,,,,1,,0,3.568,1,17.788
63,G4_m_with_o_no_retry,guarded,1,1,0,0,1,1,1,1,,14.305,,,,1,,1,3.782,1,18.087
64,G4_m_with_o_no_retry,guarded,0,0,0,0,1,1,1,1,,13.423,,,,1,,0,3.164,1,16.588
65,G4_m_with_o_no_retry,guarded,1,1,0,0,1,1,1,1,,13.972,,,,1,,1,3.307,1,17.279
66,G4_m_with_o_no_retry,guarded,0,0,0,1,1,1,1,1,,14.007,1,,3.491,1,,1,3.071,0,20.569
67,G4_m_with_o_no_retry,guarded,1,1,0,0,1,1,1,1,,13.574,,,,1,,1,3.076,1,16.650
68,G4_m_with_o_no_retry,guarded,0,0,0,0,1,1,1,1,,13.617,,,,1,,0,3.470,1,17.088
69,G4_m_with_o_no_retry,guarded,1,1,0,0,1,1,1,1,,14.189,,,,1,,1,3.638,1,17.827
70,G4_m_with_o_no_retry,guarded,0,0,0,0,1,1,1,1,,14.293,,,,1,,0,3.719,1,18.011
71,G4_m_with_o_no_retry,guarded,1,1,0,0,1,1,1,1,,14.281,,,,1,,1,3.095,1,17.376
72,G4_m_with_o_no_retry,guarded,0,0,0,1,1,1,1,1,,13.877,1,,3.326,1,,1,3.888,0,21.090
73,G4_m_with_o_no_retry,guarded,1,1,0,1,1,1,1,1,,13.493,1,,3.910,1,,0,3.479,0,20.882
74,G4_m_with_o_no_retry,guarded,0,0,0,0,1,1,1,1,,14.054,,,,1,,0,3.560,1,17.614
75,G4_m_with_o_no_retry,guarded,1,1,0,1,1,1,1,1,,14.200,1,,3.647,1,,0,3.180,0,21.026
76,G4_m_with_o_no_retry,guarded,0,0,0,0,1,1,1,1,,13.758,,,,1,,0,3.235,1,16.993
77,G4_m_with_o_no_retry,guarded,1,1,0,0,1,1,1,1,,13.788,,,,1,,1,3.301,1,17.089
78,G4_m_with_o_no_retry,guarded,0,0,0,0,1,1,1,1,,13.355,,,,1,,0,3.833,1,17.188
79,G4_m_with_o_no_retry,guarded,1,1,0,1,1,1,1,1,,13.418,1,,3.391,1,,0,3.924,0,20.732
80,G4_m_with_o_no_retry,guarded,0,0,0,1,1,1,1,1,,13.485,1,,4.041,1,,1,3.510,0,21.035
81,G4_m_with_o_no_retry,guarded,1,1,0,1,1,1,1,1,,14.218,1,,3.725,1,,0,3.051,0,20.994
82,G4_m_with_o_no_retry,guarded,0,0,0,0,1,1,1,1,,13.788,,,,1,,0,3.306,1,17.094
83,G4_m_with_o_no_retry,guarded,1,1,0,0,1,1,1,1,,13.849,,,,1,,1,3.371,1,17.221
84,G4_m_with_o_no_retry,guarded,0,0,0,0,1,1,1,1,,13.934,,,,1,,0,3.443,1,17.377
85,G4_m_with_o_no_retry,guarded,1,1,0,0,1,1,1,1,,14.062,,,,1,,1,3.523,1,17.586
86,G4_m_with_o_no_retry,guarded,0,0,0,0,1,1,1,1,,13.576,,,,1,,0,3.044,1,16.620
87,G4_m_with_o_no_retry,guarded,1,1,0,1,1,1,1,1,,13.624,1,,3.105,1,,0,3.603,0,20.332
88,G4_m_with_o_no_retry,guarded,0,0,0,0,1,1,1,1,,14.219,,,,1,,0,3.760,1,17.978
89,G4_m_with_o_no_retry,guarded,1,1,0,0,1,1,1,1,,13.792,,,,1,,1,3.371,1,17.163
90,G4_m_with_o_no_retry,guarded,0,0,0,0,1,1,1,1,,13.831,,,,1,,0,3.328,1,17.159
91,G4_m_with_o_no_retry,guarded,1,1,0,1,1,1,1,1,,13.903,1,,3.400,1,,0,2.855,0,20.158
92,G4_m_with_o_no_retry,guarded,0,0,0,1,1,1,1,1,,13.471,1,,4.049,1,,1,3.469,0,20.990
93,G4_m_with_o_no_retry,guarded,1,1,0,0,1,1,1,1,,14.235,,,,1,,1,3.561,1,17.796
94,G4_m_with_o_no_retry,guarded,0,0,0,1,1,1,1,1,,14.254,1,,3.092,1,,1,3.623,0,20.969
95,G4_m_with_o_no_retry,guarded,1,1,0,1,1,1,1,1,,14.435,1,,3.873,1,,0,3.407,0,21.715
96,G4_m_with_o_no_retry,guarded,0,0,0,1,1,1,1,1,,14.034,1,,3.452,1,,1,3.083,0,20.569
97,G4_m_with_o_no_retry,guarded,1,1,0,1,1,1,1,1,,13.577,1,,4.091,1,,0,3.637,0,21.305
98,G4_m_with_o_no_retry,guarded,0,0,0,0,1,1,1,1,,14.188,,,,1,,0,3.676,1,17.864
99,G4_m_with_o_no_retry,guarded,1,1,0,1,1,1,1,1,,14.259,1,,3.737,1,,0,3.802,0,21.798
100,G4_m_with_o_no_retry,guarded,0,0,0,1,1,1,1,1,,13.306,1,,3.837,1,,1,3.305,0,20.448
1,G3_m_with_o,guarded,1,1,0,1,1,3,2,1,,14.031,,,,1,,1,3.461,1,37.652
2,G3_m_with_o,guarded,0,0,0,0,1,3,1,1,,14.063,,,,1,,0,3.035,1,17.098
3,G3_m_with_o,guarded,1,1,0,0,1,3,1,1,,13.613,,,,1,,1,3.073,1,16.686
4,G3_m_with_o,guarded,0,0,0,1,1,3,2,1,,14.246,,,,1,,0,3.214,1,37.909
5,G3_m_with_o,guarded,1,1,0,0,1,3,1,1,,13.793,,,,1,,1,3.278,1,17.070
6,G3_m_with_o,guarded,0,0,0,0,1,3,1,1,,13.862,,,,1,,0,3.183,1,17.046
7,G3_m_with_o,guarded,1,1,0,1,1,3,2,1,,13.535,,,,1,,1,3.058,1,36.955
8,G3_m_with_o,guarded,0,0,0,0,1,3,1,1,,13.587,,,,1,,0,3.063,1,16.650
9,G3_m_with_o,guarded,1,1,0,0,1,3,1,1,,14.160,,,,1,,1,3.650,1,17.809
10,G3_m_with_o,guarded,0,0,0,0,1,3,1,1,,14.266,,,,1,,0,3.211,1,17.478
11,G3_m_with_o,guarded,1,1,0,0,1,3,1,1,,13.773,,,,1,,1,3.283,1,17.056
12,G3_m_with_o,guarded,0,0,0,0,1,3,1,1,,13.825,,,,1,,0,3.306,1,17.131
13,G3_m_with_o,guarded,1,1,0,1,1,3,2,1,,13.483,,,,1,,1,3.467,1,38.120
14,G3_m_with_o,guarded,0,0,0,1,1,3,2,1,,13.582,,,,1,,0,3.125,1,37.366
15,G3_m_with_o,guarded,1,1,0,0,1,3,1,1,,13.663,,,,1,,1,3.160,1,16.823
16,G3_m_with_o,guarded,0,0,0,1,1,3,2,1,,13.348,,,,1,,0,3.109,1,37.215
17,G3_m_with_o,guarded,1,1,0,1,1,3,2,1,,13.459,,,,1,,1,3.999,1,38.674
18,G3_m_with_o,guarded,0,0,0,1,1,3,2,1,,14.208,,,,1,,0,3.188,1,38.624
19,G3_m_with_o,guarded,1,1,0,0,1,3,1,1,,13.775,,,,1,,1,3.243,1,17.018
20,G3_m_with_o,guarded,0,0,0,0,1,3,1,1,,13.786,,,,1,,0,3.277,1,17.064
21,G3_m_with_o,guarded,1,1,0,1,1,3,2,1,,13.426,,,,1,,1,3.403,1,37.856
22,G3_m_with_o,guarded,0,0,0,0,1,3,1,1,,14.000,,,,1,,0,3.427,1,17.427
23,G3_m_with_o,guarded,1,1,0,0,1,3,1,1,,14.065,,,,1,,1,3.523,1,17.588
24,G3_m_with_o,guarded,0,0,0,1,1,3,2,1,,14.221,,,,1,,0,3.707,1,38.811
25,G3_m_with_o,guarded,1,1,0,1,1,3,2,1,,13.861,,,,1,,1,3.353,1,38.570
26,G3_m_with_o,guarded,0,0,0,0,1,3,1,1,,13.926,,,,1,,0,3.481,1,17.407
27,G3_m_with_o,guarded,1,1,0,0,1,3,1,1,,13.560,,,,1,,1,2.998,1,16.559
28,G3_m_with_o,guarded,0,0,0,1,1,3,2,1,,14.192,,,,1,,0,3.635,1,39.050
29,G3_m_with_o,guarded,1,1,0,0,1,3,1,1,,14.371,,,,1,,1,3.680,1,18.051
30,G3_m_with_o,guarded,0,0,0,0,1,3,1,1,,13.414,,,,1,,0,3.221,1,16.635
31,G3_m_with_o,guarded,1,1,0,0,1,3,1,1,,13.803,,,,1,,1,3.294,1,17.097
32,G3_m_with_o,guarded,0,0,0,0,1,3,1,1,,13.867,,,,1,,0,3.311,1,17.179
33,G3_m_with_o,guarded,1,1,0,0,1,3,1,1,,14.101,,,,1,,1,2.908,1,17.009
34,G3_m_with_o,guarded,0,0,0,1,1,3,2,1,,14.112,,,,1,,0,3.562,1,38.713
35,G3_m_with_o,guarded,1,1,0,0,1,3,1,1,,14.362,,,,1,,1,3.646,1,18.008
36,G3_m_with_o,guarded,0,0,0,0,1,3,1,1,,13.752,,,,1,,0,3.187,1,16.939
37,G3_m_with_o,guarded,1,1,0,0,1,3,1,1,,13.828,,,,1,,1,3.254,1,17.082
38,G3_m_with_o,guarded,0,0,0,1,1,3,2,1,,13.575,,,,1,,0,2.932,1,37.027
39,G3_m_with_o,guarded,1,1,0,0,1,3,1,1,,13.644,,,,1,,1,3.205,1,16.849
40,G3_m_with_o,guarded,0,0,0,0,1,3,1,1,,14.170,,,,1,,0,3.527,1,17.697
41,G3_m_with_o,guarded,1,1,0,1,1,3,2,1,,14.160,,,,1,,1,3.624,1,38.735
42,G3_m_with_o,guarded,0,0,0,0,1,3,1,1,,14.404,,,,1,,0,3.687,1,18.090
43,G3_m_with_o,guarded,1,1,0,0,1,3,1,1,,13.431,,,,1,,1,3.738,1,17.168
44,G3_m_with_o,guarded,0,0,0,0,1,3,1,1,,13.608,,,,1,,0,2.994,1,16.602
45,G3_m_with_o,guarded,1,1,0,0,1,3,1,1,,13.569,,,,1,,1,3.021,1,16.590
46,G3_m_with_o,guarded,0,0,0,0,1,3,1,1,,14.152,,,,1,,0,3.425,1,17.577
47,G3_m_with_o,guarded,1,1,0,1,1,3,2,1,,14.325,,,,1,,1,3.606,1,39.682
48,G3_m_with_o,guarded,0,0,0,1,1,3,2,1,,13.982,,,,1,,0,3.417,1,39.091
49,G3_m_with_o,guarded,1,1,0,0,1,3,1,1,,14.056,,,,1,,1,3.496,1,17.553
50,G3_m_with_o,guarded,0,0,0,0,1,3,1,1,,14.063,,,,1,,0,3.083,1,17.145
51,G3_m_with_o,guarded,1,1,0,0,1,3,1,1,,13.626,,,,1,,1,3.629,1,17.255
52,G3_m_with_o,guarded,0,0,0,0,1,3,1,1,,14.192,,,,1,,0,3.687,1,17.880
53,G3_m_with_o,guarded,1,1,0,1,1,3,2,1,,13.840,,,,1,,1,3.374,1,38.415
54,G3_m_with_o,guarded,0,0,0,0,1,3,1,1,,13.892,,,,1,,0,3.406,1,17.297
55,G3_m_with_o,guarded,1,1,0,0,1,3,1,1,,14.002,,,,1,,1,2.964,1,16.966
56,G3_m_with_o,guarded,0,0,0,0,1,3,1,1,,13.572,,,,1,,0,3.563,1,17.135
57,G3_m_with_o,guarded,1,1,0,0,1,3,1,1,,14.121,,,,1,,1,3.627,1,17.748
58,G3_m_with_o,guarded,0,0,0,0,1,3,1,1,,14.160,,,,1,,0,3.655,1,17.815
59,G3_m_with_o,guarded,1,1,0,0,1,3,1,1,,14.208,,,,1,,1,3.678,1,17.886
60,G3_m_with_o,guarded,0,0,0,0,1,3,1,1,,14.249,,,,1,,0,3.735,1,17.984
61,G3_m_with_o,guarded,1,1,0,0,1,3,1,1,,13.489,,,,1,,1,3.832,1,17.321
62,G3_m_with_o,guarded,0,0,0,0,1,3,1,1,,13.538,,,,1,,0,2.852,1,16.390
63,G3_m_with_o,guarded,1,1,0,0,1,3,1,1,,13.952,,,,1,,1,3.454,1,17.407
64,G3_m_with_o,guarded,0,0,0,0,1,3,1,1,,14.167,,,,1,,0,3.691,1,17.857
65,G3_m_with_o,guarded,1,1,0,0,1,3,1,1,,14.764,,,,1,,1,3.079,1,17.843
66,G3_m_with_o,guarded,0,0,0,1,1,3,2,1,,13.865,,,,1,,0,3.266,1,38.172
67,G3_m_with_o,guarded,1,1,0,0,1,3,1,1,,13.934,,,,1,,1,3.427,1,17.361
68,G3_m_with_o,guarded,0,0,0,0,1,3,1,1,,14.018,,,,1,,0,3.483,1,17.501
69,G3_m_with_o,guarded,1,1,0,0,1,3,1,1,,14.059,,,,1,,1,3.550,1,17.608
70,G3_m_with_o,guarded,0,0,0,0,1,3,1,1,,14.133,,,,1,,0,3.059,1,17.192
71,G3_m_with_o,guarded,1,1,0,0,1,3,1,1,,13.654,,,,1,,1,3.469,1,17.122
72,G3_m_with_o,guarded,0,0,0,1,1,3,2,1,,13.814,,,,1,,0,3.311,1,38.381
73,G3_m_with_o,guarded,1,1,0,1,1,3,2,1,,13.474,,,,1,,1,2.966,1,38.086
74,G3_m_with_o,guarded,0,0,0,0,1,3,1,1,,13.542,,,,1,,0,3.064,1,16.606
75,G3_m_with_o,guarded,1,1,0,1,1,3,2,1,,14.122,,,,1,,1,3.155,1,38.590
76,G3_m_with_o,guarded,0,0,0,0,1,3,1,1,,13.722,,,,1,,0,3.200,1,16.922
77,G3_m_with_o,guarded,1,1,0,0,1,3,1,1,,13.760,,,,1,,1,3.237,1,16.997
78,G3_m_with_o,guarded,0,0,0,0,1,3,1,1,,13.790,,,,1,,0,3.332,1,17.123
79,G3_m_with_o,guarded,1,1,0,1,1,3,2,1,,13.922,,,,1,,1,3.454,1,38.432
80,G3_m_with_o,guarded,0,0,0,1,1,3,2,1,,13.544,,,,1,,0,3.044,1,37.192
81,G3_m_with_o,guarded,1,1,0,1,1,3,2,1,,13.387,,,,1,,1,3.867,1,38.134
82,G3_m_with_o,guarded,0,0,0,0,1,3,1,1,,13.983,,,,1,,0,3.504,1,17.487
83,G3_m_with_o,guarded,1,1,0,0,1,3,1,1,,14.091,,,,1,,1,3.586,1,17.677
84,G3_m_with_o,guarded,0,0,0,0,1,3,1,1,,14.102,,,,1,,0,3.097,1,17.199
85,G3_m_with_o,guarded,1,1,0,0,1,3,1,1,,13.659,,,,1,,1,3.129,1,16.789
86,G3_m_with_o,guarded,0,0,0,0,1,3,1,1,,13.734,,,,1,,0,3.209,1,16.944
87,G3_m_with_o,guarded,1,1,0,1,1,3,2,1,,13.333,,,,1,,1,3.821,1,37.927
88,G3_m_with_o,guarded,0,0,0,0,1,3,1,1,,13.343,,,,1,,0,3.855,1,17.198
89,G3_m_with_o,guarded,1,1,0,0,1,3,1,1,,13.908,,,,1,,1,3.443,1,17.350
90,G3_m_with_o,guarded,0,0,0,0,1,3,1,1,,14.083,,,,1,,0,3.032,1,17.115
91,G3_m_with_o,guarded,1,1,0,1,1,3,2,1,,14.104,,,,1,,1,3.645,1,38.946
92,G3_m_with_o,guarded,0,0,0,1,1,3,2,1,,13.771,,,,1,,0,3.757,1,38.639
93,G3_m_with_o,guarded,1,1,0,0,1,3,1,1,,13.338,,,,1,,1,3.880,1,17.218
94,G3_m_with_o,guarded,0,0,0,1,1,3,2,1,,14.169,,,,1,,0,3.515,1,38.473
95,G3_m_with_o,guarded,1,1,0,1,1,3,2,1,,14.287,,,,1,,1,3.596,1,39.037
96,G3_m_with_o,guarded,0,0,0,1,1,3,2,1,,13.955,,,,1,,0,3.491,1,39.059
97,G3_m_with_o,guarded,1,1,0,1,1,3,2,1,,14.167,,,,1,,1,3.658,1,38.956
98,G3_m_with_o,guarded,0,0,0,0,1,3,1,1,,14.225,,,,1,,0,3.791,1,18.016
99,G3_m_with_o,guarded,1,1,0,1,1,3,2,1,,13.860,,,,1,,1,3.365,1,37.683
100,G3_m_with_o,guarded,0,0,0,1,1,3,2,1,,14.043,,,,1,,0,3.597,1,38.844
